Daily update: Mon Oct 27 16:00:04 UTC 2025
Daily update: Tue Oct 28 06:50:06 UTC 2025
Daily update: Wed Oct 29 06:50:37 UTC 2025
Daily update: Thu Oct 30 06:48:26 UTC 2025
Daily update: Fri Oct 31 06:49:27 UTC 2025
Daily update: Sat Nov  1 06:44:09 UTC 2025
Daily update: Sun Nov  2 06:46:19 UTC 2025
Daily update: Mon Nov  3 06:50:53 UTC 2025
Daily update: Tue Nov  4 06:49:49 UTC 2025
Daily update: Wed Nov  5 06:49:13 UTC 2025
Daily update: Thu Nov  6 06:49:52 UTC 2025
Daily update: Fri Nov  7 06:48:58 UTC 2025
Daily update: Sat Nov  8 06:45:17 UTC 2025
Daily update: Sun Nov  9 06:45:31 UTC 2025
Daily update: Mon Nov 10 06:51:22 UTC 2025
Daily update: Tue Nov 11 06:49:56 UTC 2025
Daily update: Wed Nov 12 06:49:49 UTC 2025
